{
  "A_074": {
    "target_ratio": 0.2638587951660156,
    "target_y_position": 0.84375,
    "face_bbox": [
      288,
      397,
      349,
      349
    ],
    "crop_x": 123,
    "crop_y": 173,
    "crop_size": 679,
    "video_width": 826,
    "video_height": 1204
  },
  "A_104": {
    "target_ratio": 0.22720718383789062,
    "target_y_position": 0.837890625,
    "face_bbox": [
      237,
      451,
      328,
      328
    ],
    "crop_x": 57,
    "crop_y": 202,
    "crop_size": 688,
    "video_width": 826,
    "video_height": 1204
  },
  "A_218": {
    "target_ratio": 0.2549152374267578,
    "target_y_position": 0.826171875,
    "face_bbox": [
      289,
      359,
      330,
      330
    ],
    "crop_x": 128,
    "crop_y": 149,
    "crop_size": 653,
    "video_width": 826,
    "video_height": 1204
  },
  "A_253": {
    "target_ratio": 0.2579345703125,
    "target_y_position": 0.810546875,
    "face_bbox": [
      291,
      447,
      319,
      319
    ],
    "crop_x": 136,
    "crop_y": 256,
    "crop_size": 628,
    "video_width": 826,
    "video_height": 1204
  },
  "A_264": {
    "target_ratio": 0.22720718383789062,
    "target_y_position": 0.8486328125,
    "face_bbox": [
      235,
      486,
      299,
      299
    ],
    "crop_x": 71,
    "crop_y": 252,
    "crop_size": 627,
    "video_width": 826,
    "video_height": 1204
  },
  "A_302": {
    "target_ratio": 0.2471027374267578,
    "target_y_position": 0.83984375,
    "face_bbox": [
      322,
      435,
      297,
      298
    ],
    "crop_x": 171,
    "crop_y": 230,
    "crop_size": 598,
    "video_width": 826,
    "video_height": 1204
  },
  "A_306": {
    "target_ratio": 0.216094970703125,
    "target_y_position": 0.8232421875,
    "face_bbox": [
      251,
      412,
      275,
      275
    ],
    "crop_x": 93,
    "crop_y": 200,
    "crop_size": 591,
    "video_width": 826,
    "video_height": 1204
  },
  "A_460": {
    "target_ratio": 0.230865478515625,
    "target_y_position": 0.8408203125,
    "face_bbox": [
      300,
      529,
      264,
      264
    ],
    "crop_x": 158,
    "crop_y": 331,
    "crop_size": 549,
    "video_width": 826,
    "video_height": 1204
  }
}