{
  "A_074": {
    "target_ratio": 0.2638587951660156,
    "target_y_position": 0.84375,
    "face_bbox": [
      288,
      396,
      349,
      349
    ],
    "crop_x": 123,
    "crop_y": 172,
    "crop_size": 679,
    "video_width": 826,
    "video_height": 1204
  },
  "A_104": {
    "target_ratio": 0.22720718383789062,
    "target_y_position": 0.837890625,
    "face_bbox": [
      236,
      446,
      331,
      331
    ],
    "crop_x": 54,
    "crop_y": 195,
    "crop_size": 694,
    "video_width": 826,
    "video_height": 1204
  },
  "A_218": {
    "target_ratio": 0.2549152374267578,
    "target_y_position": 0.826171875,
    "face_bbox": [
      288,
      356,
      331,
      331
    ],
    "crop_x": 126,
    "crop_y": 145,
    "crop_size": 655,
    "video_width": 826,
    "video_height": 1204
  },
  "A_253": {
    "target_ratio": 0.2579345703125,
    "target_y_position": 0.810546875,
    "face_bbox": [
      292,
      448,
      316,
      316
    ],
    "crop_x": 139,
    "crop_y": 259,
    "crop_size": 622,
    "video_width": 826,
    "video_height": 1204
  },
  "A_264": {
    "target_ratio": 0.22720718383789062,
    "target_y_position": 0.8486328125,
    "face_bbox": [
      234,
      489,
      298,
      298
    ],
    "crop_x": 71,
    "crop_y": 256,
    "crop_size": 625,
    "video_width": 826,
    "video_height": 1204
  },
  "A_302": {
    "target_ratio": 0.2471027374267578,
    "target_y_position": 0.83984375,
    "face_bbox": [
      321,
      433,
      300,
      300
    ],
    "crop_x": 170,
    "crop_y": 226,
    "crop_size": 603,
    "video_width": 826,
    "video_height": 1204
  },
  "A_306": {
    "target_ratio": 0.216094970703125,
    "target_y_position": 0.8232421875,
    "face_bbox": [
      252,
      413,
      274,
      275
    ],
    "crop_x": 94,
    "crop_y": 202,
    "crop_size": 590,
    "video_width": 826,
    "video_height": 1204
  },
  "A_460": {
    "target_ratio": 0.230865478515625,
    "target_y_position": 0.8408203125,
    "face_bbox": [
      300,
      530,
      263,
      263
    ],
    "crop_x": 158,
    "crop_y": 333,
    "crop_size": 547,
    "video_width": 826,
    "video_height": 1204
  }
}