{
  "A_074": {
    "target_ratio": 0.2638587951660156,
    "target_y_position": 0.84375,
    "face_bbox": [
      289,
      396,
      347,
      347
    ],
    "crop_x": 125,
    "crop_y": 173,
    "crop_size": 675,
    "video_width": 826,
    "video_height": 1204
  },
  "A_104": {
    "target_ratio": 0.22720718383789062,
    "target_y_position": 0.837890625,
    "face_bbox": [
      237,
      452,
      328,
      328
    ],
    "crop_x": 57,
    "crop_y": 203,
    "crop_size": 688,
    "video_width": 826,
    "video_height": 1204
  },
  "A_218": {
    "target_ratio": 0.2549152374267578,
    "target_y_position": 0.826171875,
    "face_bbox": [
      291,
      360,
      329,
      329
    ],
    "crop_x": 130,
    "crop_y": 151,
    "crop_size": 651,
    "video_width": 826,
    "video_height": 1204
  },
  "A_253": {
    "target_ratio": 0.2579345703125,
    "target_y_position": 0.810546875,
    "face_bbox": [
      291,
      447,
      318,
      318
    ],
    "crop_x": 137,
    "crop_y": 257,
    "crop_size": 626,
    "video_width": 826,
    "video_height": 1204
  },
  "A_264": {
    "target_ratio": 0.22720718383789062,
    "target_y_position": 0.8486328125,
    "face_bbox": [
      234,
      491,
      297,
      297
    ],
    "crop_x": 71,
    "crop_y": 259,
    "crop_size": 623,
    "video_width": 826,
    "video_height": 1204
  },
  "A_302": {
    "target_ratio": 0.2471027374267578,
    "target_y_position": 0.83984375,
    "face_bbox": [
      321,
      434,
      298,
      298
    ],
    "crop_x": 171,
    "crop_y": 228,
    "crop_size": 599,
    "video_width": 826,
    "video_height": 1204
  },
  "A_306": {
    "target_ratio": 0.216094970703125,
    "target_y_position": 0.8232421875,
    "face_bbox": [
      251,
      411,
      276,
      276
    ],
    "crop_x": 93,
    "crop_y": 198,
    "crop_size": 593,
    "video_width": 826,
    "video_height": 1204
  },
  "A_460": {
    "target_ratio": 0.230865478515625,
    "target_y_position": 0.8408203125,
    "face_bbox": [
      298,
      529,
      269,
      269
    ],
    "crop_x": 153,
    "crop_y": 327,
    "crop_size": 559,
    "video_width": 826,
    "video_height": 1204
  }
}