{
  "A_074": {
    "target_ratio": 0.2638587951660156,
    "target_y_position": 0.84375,
    "face_bbox": [
      288,
      396,
      348,
      348
    ],
    "crop_x": 124,
    "crop_y": 172,
    "crop_size": 677,
    "video_width": 826,
    "video_height": 1204
  },
  "A_104": {
    "target_ratio": 0.22720718383789062,
    "target_y_position": 0.837890625,
    "face_bbox": [
      236,
      447,
      330,
      330
    ],
    "crop_x": 55,
    "crop_y": 197,
    "crop_size": 692,
    "video_width": 826,
    "video_height": 1204
  },
  "A_218": {
    "target_ratio": 0.2549152374267578,
    "target_y_position": 0.826171875,
    "face_bbox": [
      289,
      357,
      330,
      330
    ],
    "crop_x": 128,
    "crop_y": 147,
    "crop_size": 653,
    "video_width": 826,
    "video_height": 1204
  },
  "A_253": {
    "target_ratio": 0.2579345703125,
    "target_y_position": 0.810546875,
    "face_bbox": [
      292,
      448,
      316,
      316
    ],
    "crop_x": 139,
    "crop_y": 259,
    "crop_size": 622,
    "video_width": 826,
    "video_height": 1204
  },
  "A_264": {
    "target_ratio": 0.22720718383789062,
    "target_y_position": 0.8486328125,
    "face_bbox": [
      232,
      488,
      301,
      301
    ],
    "crop_x": 67,
    "crop_y": 253,
    "crop_size": 631,
    "video_width": 826,
    "video_height": 1204
  },
  "A_302": {
    "target_ratio": 0.2471027374267578,
    "target_y_position": 0.83984375,
    "face_bbox": [
      321,
      434,
      299,
      299
    ],
    "crop_x": 170,
    "crop_y": 228,
    "crop_size": 601,
    "video_width": 826,
    "video_height": 1204
  },
  "A_306": {
    "target_ratio": 0.216094970703125,
    "target_y_position": 0.8232421875,
    "face_bbox": [
      251,
      413,
      275,
      275
    ],
    "crop_x": 93,
    "crop_y": 201,
    "crop_size": 591,
    "video_width": 826,
    "video_height": 1204
  },
  "A_460": {
    "target_ratio": 0.230865478515625,
    "target_y_position": 0.8408203125,
    "face_bbox": [
      299,
      530,
      263,
      263
    ],
    "crop_x": 157,
    "crop_y": 333,
    "crop_size": 547,
    "video_width": 826,
    "video_height": 1204
  }
}