{
  "A_074": {
    "target_ratio": 0.2638587951660156,
    "target_y_position": 0.84375,
    "face_bbox": [
      289,
      395,
      347,
      347
    ],
    "crop_x": 125,
    "crop_y": 172,
    "crop_size": 675,
    "video_width": 826,
    "video_height": 1204
  },
  "A_104": {
    "target_ratio": 0.22720718383789062,
    "target_y_position": 0.837890625,
    "face_bbox": [
      237,
      447,
      328,
      328
    ],
    "crop_x": 57,
    "crop_y": 198,
    "crop_size": 688,
    "video_width": 826,
    "video_height": 1204
  },
  "A_218": {
    "target_ratio": 0.2549152374267578,
    "target_y_position": 0.826171875,
    "face_bbox": [
      289,
      359,
      330,
      330
    ],
    "crop_x": 128,
    "crop_y": 149,
    "crop_size": 653,
    "video_width": 826,
    "video_height": 1204
  },
  "A_253": {
    "target_ratio": 0.2579345703125,
    "target_y_position": 0.810546875,
    "face_bbox": [
      291,
      447,
      318,
      318
    ],
    "crop_x": 137,
    "crop_y": 257,
    "crop_size": 626,
    "video_width": 826,
    "video_height": 1204
  },
  "A_264": {
    "target_ratio": 0.22720718383789062,
    "target_y_position": 0.8486328125,
    "face_bbox": [
      233,
      490,
      300,
      300
    ],
    "crop_x": 69,
    "crop_y": 256,
    "crop_size": 629,
    "video_width": 826,
    "video_height": 1204
  },
  "A_302": {
    "target_ratio": 0.2471027374267578,
    "target_y_position": 0.83984375,
    "face_bbox": [
      319,
      432,
      303,
      303
    ],
    "crop_x": 166,
    "crop_y": 223,
    "crop_size": 609,
    "video_width": 826,
    "video_height": 1204
  },
  "A_306": {
    "target_ratio": 0.216094970703125,
    "target_y_position": 0.8232421875,
    "face_bbox": [
      252,
      412,
      274,
      274
    ],
    "crop_x": 95,
    "crop_y": 201,
    "crop_size": 589,
    "video_width": 826,
    "video_height": 1204
  },
  "A_460": {
    "target_ratio": 0.230865478515625,
    "target_y_position": 0.8408203125,
    "face_bbox": [
      299,
      529,
      263,
      263
    ],
    "crop_x": 157,
    "crop_y": 332,
    "crop_size": 547,
    "video_width": 826,
    "video_height": 1204
  }
}