{
  "A_074": {
    "target_ratio": 0.2638587951660156,
    "target_y_position": 0.84375,
    "face_bbox": [
      289,
      396,
      347,
      347
    ],
    "crop_x": 125,
    "crop_y": 173,
    "crop_size": 675,
    "video_width": 826,
    "video_height": 1204
  },
  "A_104": {
    "target_ratio": 0.22720718383789062,
    "target_y_position": 0.837890625,
    "face_bbox": [
      237,
      451,
      328,
      328
    ],
    "crop_x": 57,
    "crop_y": 202,
    "crop_size": 688,
    "video_width": 826,
    "video_height": 1204
  },
  "A_218": {
    "target_ratio": 0.2549152374267578,
    "target_y_position": 0.826171875,
    "face_bbox": [
      290,
      360,
      329,
      329
    ],
    "crop_x": 129,
    "crop_y": 151,
    "crop_size": 651,
    "video_width": 826,
    "video_height": 1204
  },
  "A_253": {
    "target_ratio": 0.2579345703125,
    "target_y_position": 0.810546875,
    "face_bbox": [
      291,
      446,
      319,
      319
    ],
    "crop_x": 136,
    "crop_y": 255,
    "crop_size": 628,
    "video_width": 826,
    "video_height": 1204
  },
  "A_264": {
    "target_ratio": 0.22720718383789062,
    "target_y_position": 0.8486328125,
    "face_bbox": [
      235,
      492,
      294,
      294
    ],
    "crop_x": 74,
    "crop_y": 263,
    "crop_size": 616,
    "video_width": 826,
    "video_height": 1204
  },
  "A_302": {
    "target_ratio": 0.2471027374267578,
    "target_y_position": 0.83984375,
    "face_bbox": [
      322,
      435,
      296,
      296
    ],
    "crop_x": 173,
    "crop_y": 231,
    "crop_size": 595,
    "video_width": 826,
    "video_height": 1204
  },
  "A_306": {
    "target_ratio": 0.216094970703125,
    "target_y_position": 0.8232421875,
    "face_bbox": [
      251,
      411,
      276,
      276
    ],
    "crop_x": 93,
    "crop_y": 198,
    "crop_size": 593,
    "video_width": 826,
    "video_height": 1204
  },
  "A_460": {
    "target_ratio": 0.230865478515625,
    "target_y_position": 0.8408203125,
    "face_bbox": [
      297,
      528,
      268,
      268
    ],
    "crop_x": 153,
    "crop_y": 327,
    "crop_size": 557,
    "video_width": 826,
    "video_height": 1204
  }
}